category,foodname,weight,edible,energy,protein,fat,cho,dietaryfiber,ash,cholesterol,vitaminA,retinol,vitaminE,vitaminB1,vitaminB2,vitaminB3,calcium,phosphorous,potassium,sodium,magnesium,iron,zinc,selenium,copper,manganese,food_id,vitaminC
Meat&Meat Products,Pork_lean&fat,100,100,395,13.2,37,2.4,0,0.6,80,0,18,0.35,0.22,0.16,3.5,6,162,204,59.4,16,1.6,2.06,11.97,0.06,0.03,1,0
Meat&Meat Products,Pork_rump,100,97,336,14.6,30.8,0,0,0.6,87,0,16,0.95,0.26,0.11,2.8,5,130,178,57.5,12,1,0.84,2.94,0.13,0,2,0
Meat&Meat Products,Pork_tenderloin,100,100,155,20.2,7.9,0.7,0,0.9,55,0,5,0.59,0.47,0.12,5.2,6,184,317,43.2,28,1.5,2.3,5.25,0.16,0.03,3,0
Meat&Meat Products,Pork_leg,100,100,190,17.9,12.8,0.8,0,0.9,79,0,3,0.3,0.53,0.24,4.9,6,185,295,63,25,0.9,2.18,13.4,0.14,0.04,4,0
Meat&Meat Products,Pork_large intentine,100,100,196,6.9,18.7,0,0,0.8,137,0,7,0.5,0.06,0.11,1.9,10,56,44,116.3,8,1,0.98,16.75,0.06,0.07,5,0
Meat&Meat Products,Pork_stomach,100,96,110,15.2,5.1,0.7,0,0.8,165,0,3,0.32,0.07,0.16,3.7,11,124,171,75.1,12,2.4,1.92,12.76,0.1,0.12,6,0
Meat&Meat Products,Pork_lung,100,97,84,12.2,3.9,0.1,0,0.7,290,0,10,0.45,0.04,0.18,1.8,6,165,210,81.4,10,5.3,1.21,10.77,0.08,0.04,7,0
Meat&Meat Products,Pork_liver,100,99,129,19.3,3.5,5,0,1.5,288,0,4972,0.86,0.21,2.08,15,6,310,235,68.6,24,22.6,5.78,19.21,0.65,0.26,8,20
Meat&Meat Products,Pork_kidney,100,93,96,15.4,3.2,1.4,0,1.2,354,0,41,0.34,0.31,1.14,8,12,215,217,134.2,22,6.1,2.56,111.77,0.58,0.16,9,13
Meat&Meat Products,Pork_heart,100,97,119,16.6,5.3,1.1,0,1,151,0,13,0.74,0.19,0.48,6.8,12,189,260,71.2,17,4.3,1.9,14.94,0.37,0.05,10,4
Meat&Meat Products,Pork_blood,100,100,55,12.2,0.3,0.9,0,0.8,51,0,0,0.2,0.03,0.04,0.3,4,16,56,56,5,8.7,0.28,7.94,0.1,0.03,11,0
Meat&Meat Products,Pork floss_with salt_soy sauce&sugar,100,100,396,23.4,11.5,49.7,0,6,111,0,44,10.02,0.04,0.13,3.3,41,162,313,469,55,6.4,4.28,8.77,0.13,0.6,12,0
Meat&Meat Products,Beef,100,99,125,19.9,4.2,2,0,1.1,84,0,7,0.65,0.04,0.14,5.6,23,168,216,84.2,20,3.3,4.73,6.45,0.18,0.04,13,0
Meat&Meat Products,Beef_hind leg,100,100,106,20.9,2,1.1,0,1.1,74,0,3,0.97,0.04,0.14,6.1,5,210,197,45.4,21,3.3,4.07,4.96,0.11,0.02,14,0
Meat&Meat Products,Beef_tenderloin,100,100,107,22.2,0.9,2.4,0,1.3,63,0,4,0.65,0.05,0.15,5.6,23,168,216,84.2,20,3.3,4.73,6.45,0.18,0.04,15,0
Meat&Meat Products,Beef_tripe,100,100,72,14.5,1.6,0,0,0.6,104,0,2,0.51,0.03,0.13,2.5,40,104,162,60.6,17,1.8,2.31,9.07,0.07,0.21,16,0
Meat&Meat Products,Beef_lung,100,100,95,16.5,2.5,1.5,0,0.9,306,0,12,0.34,0.04,0.21,3.4,8,269,197,154.8,14,11.7,2.67,13.61,0.22,0.16,17,13
Meat&Meat Products,Beef_liver,100,100,139,19.8,3.9,6.2,0,1.4,297,0,20220,0.13,0.16,1.3,11.9,4,252,185,45,22,6.6,5.01,11.99,1.34,0.37,18,9
Meat&Meat Products,Beef_kidney,100,89,94,15.6,2.4,2.6,0,1.1,295,0,88,0.19,0.24,0.85,7.7,8,214,190,180.8,13,9.4,2.17,70.25,0.16,0.06,19,0
Meat&Meat Products,Beef_heart,100,100,106,15.4,3.5,3.1,0,0.8,115,0,17,0.19,0.26,0.39,6.8,4,178,282,47.9,25,5.9,2.41,14.8,0.37,0.06,20,5
Meat&Meat Products,Beef_highrib_raw_lean&fat,100,100,193,17.4,12.4,3,0,0.8,56,0,0,0.17,0.04,0.08,2.28,0,0,0,0,0,0.7,4.65,1.84,0.01,0,21,0
Meat&Meat Products,Beef_rump_raw_lean,100,100,117,22.6,2.6,0.9,0,1.1,22,0,0,0,0.05,0.09,4.86,2,159,325,40.2,22,1.4,5.48,3.63,0.01,0,22,0
Meat&Meat Products,Beef_shoulder_raw_lean&fat,100,100,342,14.1,31.7,0,0,0.9,51,0,0,0.19,0.02,0.06,1.66,0,0,0,0,0,0.5,2.59,2.32,0.01,0,23,0
Meat&Meat Products,Beef_bricket_raw_lean&fat,100,100,326,16.6,28.8,0,0,0.8,56,0,0,0.23,0.02,0.09,1.9,0,0,0,0,0,0.7,4.55,1.75,0.01,0,24,0
Meat&Meat Products, Beef_belly steak_raw_lean&fat,100,100,332,17.1,29.3,0,0,1,44,0,0,0,0.02,0.06,2.2,0,0,0,0,0,0.6,2.69,3.2,0.01,0,25,0
Meat&Meat Products,Beef_boneless topside_raw_lean,100,100,119,22.8,2.9,0,0,1.4,0,0,0,0,0.04,0.08,4.82,2,141,275,37.8,20,1,4.81,2.98,0.01,0.02,26,0
Meat&Meat Products,Beef_shank_raw_lean,100,100,122,23,3.3,0,0,1,61,0,0,0,0.03,0.13,3.69,5,181,182,83.1,22,0.3,5.07,2.54,0.01,0,27,0
Meat&Meat Products,Mutton_lean&fat,100,90,203,19,14.1,0,0,1.2,92,0,22,0.26,0.05,0.14,4.5,6,146,232,80.6,20,2.3,3.22,32.2,0.75,0.02,28,0
Meat&Meat Products,Mutton_tenderloin,100,100,103,20.5,1.6,1.6,0,0.9,107,0,5,0.52,0.06,0.2,5.8,8,184,161,74.4,22,2.8,1.98,5.53,0.15,0.05,29,0
Meat&Meat Products,Mutton_hind leg ,100,77,110,19.5,3.4,0.3,0,1,83,0,8,0.52,0.05,0.19,5.8,8,184,161,74.4,22,2.8,1.98,5.53,0.15,0.05,30,0
Meat&Meat Products,Mutton_tripe,100,100,87,12.2,3.4,1.8,0,0.9,124,0,23,0.33,0.03,0.17,1.8,38,133,101,66,16,1.4,2.61,9.68,0.1,0.6,31,0
Meat&Meat Products,Mutton_lung,100,100,96,16.2,2.4,2.5,0,1.2,319,0,0,1.43,0.05,0.14,1.1,12,172,139,146.2,8,7.8,1.81,9.33,0.19,0.05,32,0
Meat&Meat Products,Mutton_liver,100,100,134,17.9,3.6,7.4,0,1.4,349,0,20972,29.93,0.21,1.75,22.1,8,299,241,123,14,7.5,3.45,17.68,4.51,0.26,33,0
Meat&Meat Products,Mutton_kidney,100,95,96,16.6,2.8,1,0,1.4,289,0,126,0.13,0.35,2.01,8.4,8,233,115,193.3,18,5.8,2.74,58.9,0.32,0.1,34,0
Meat&Meat Products,Mutton_heart,100,100,113,13.8,5.5,2,0,1,104,0,16,1.75,0.28,0.4,5.6,10,172,200,100.8,17,4,2.09,16.7,0.26,0.04,35,0
Meat&Meat Products,Mutton_blood,100,100,57,6.8,0.2,6.9,0,1.1,92,0,0,0,0.04,0.09,0.2,22,7,6,443.4,2,18.3,0.67,15.68,0.02,0.01,36,0
Poultry&Poultry Products,Chicken_whole,100,66,167,19.3,9.4,1.3,0,1,106,0,48,0.67,0.05,0.09,5.6,9,156,251,63.3,19,1.4,1.09,11.75,0.07,0.03,37,0
Poultry&Poultry Products,Chicken_leg,100,69,181,16,13,0,0,0.8,162,0,44,0.03,0.02,0.14,6,6,172,242,64.4,34,1.5,1.12,12.4,0.09,0.03,38,0
Poultry&Poultry Products,Chicken_breast,100,100,133,19.4,5,2.5,0,1.1,82,0,16,0.22,0.07,0.13,10.8,3,214,338,34.4,28,0.6,0.51,10.5,0.06,0.01,39,0
Poultry&Poultry Products,Chicken_breast_without skin&bone_frozen_raw,100,100,118,24.6,1.9,0.6,0,1.2,65,0,3,0.41,0.07,0.06,11.96,1,170,333,44.8,28,1,0.26,11.75,0.01,0.01,40,0
Poultry&Poultry Products,Chicken_thigh_frozen_raw,100,74,146,20.2,7.2,0,0,0.9,99,0,22,0,0.06,0.1,3.25,3,271,221,73.6,21,1.8,1.11,9.7,0.01,0.01,41,0
Poultry&Poultry Products,Chicken_heart,100,100,172,15.9,11.8,0.6,0,0.9,194,0,910,0,0.46,0.26,11.5,54,176,220,108.4,11,4.7,1.94,4.1,0.27,0.04,42,0
Poultry&Poultry Products,Chicken_gizzard,100,100,118,19.2,2.8,4,0,0.9,174,0,36,0.87,0.04,0.09,3.4,7,135,272,74.8,15,4.4,2.76,10.54,2.11,0.06,43,0
Poultry&Poultry Products,Chicken_liver,100,100,121,16.6,4.8,2.8,0,1.4,356,0,10414,1.88,0.33,1.1,11.9,7,263,222,92,16,12,2.4,38.55,0.32,0.24,44,0
Poultry&Poultry Products,Chicken_liver_broiler,100,100,121,16.7,4.5,3.5,0,1.3,476,0,2867,0.75,0.32,0.58,0,4,216,321,98.2,17,9.6,3.46,0,0.35,0.07,45,0
Poultry&Poultry Products,Chicken_blood,100,100,49,7.8,0.2,4.1,0,0.9,170,0,56,0.21,0.05,0.04,0.1,10,68,136,208,4,25,0.45,12.13,0.03,0.03,46,0
Poultry&Poultry Products,Duck_whole,100,68,240,15.5,19.7,0.2,0,0.7,97,0,52,0.27,0.08,0.22,4.2,6,122,191,69,14,2.2,1.33,12.25,0.21,0.06,47,0
Poultry&Poultry Products,Duck_beast,100,100,90,15,1.5,4,0,0.9,121,0,0,1.98,0.01,0.07,4.2,6,86,126,60.2,24,4.1,1.17,12.62,0.27,0.01,48,0
Poultry&Poultry Products,Duck_heart,100,100,143,12.8,8.9,2.9,0,0.9,120,0,24,0.81,0.14,0.87,8,20,188,233,86.2,18,5,1.38,15.3,0.37,0,49,0
Poultry&Poultry Products,Duck_gizzard,100,93,92,17.9,1.3,2.1,0,0.9,153,0,6,0.21,0.04,0.15,4.4,12,134,284,69.2,18,4.3,2.77,15.95,0.18,0.08,50,0
Poultry&Poultry Products,Duck_pancreas,100,97,117,21.7,2.9,1,0,1.8,230,0,6,9,0.02,0.78,3.2,20,554,84,55.7,41,1.9,4.16,26.2,0.08,0.05,51,9
Poultry&Poultry Products,Duck_liver,100,100,128,14.5,7.5,0.5,0,1.2,341,0,1040,1.41,0.26,1.05,6.9,18,283,230,87.2,18,23.1,3.08,57.27,1.31,0.28,52,18
Poultry&Poultry Products,Duck_skin,100,100,538,6.5,50.2,15.1,0,0.1,46,0,21,0,0.01,0.04,1,6,42,38,26.2,0,3.1,0.64,4.7,0,0,53,0
Poultry&Poultry Products,Duck_intestine,100,53,129,14.2,7.8,0.4,0,0.6,187,0,16,0,0.02,0.22,3.1,31,166,136,32,13,2.3,1.19,24.9,0.18,0,54,0
Poultry&Poultry Products,"""Beijing"" white duck_blood",100,100,108,13.6,0.4,12.4,0,1,95,0,0,0.34,0.06,0.06,0,5,87,166,173.6,8,30.5,0.5,0,0.06,0.14,55,0
Milk & Eggs,Yougurt,100,100,72,2.5,2.7,9.3,0,0.8,15,0,26,0.12,0.03,0.15,0.2,118,85,150,39.8,12,0.4,0.53,1.71,0.03,0.02,56,1
Milk & Eggs,Cheese_white_semisoft,100,100,328,25.7,23.5,3.5,0,3.8,11,0,152,0.6,0.06,0.91,0.6,799,326,75,584.6,57,2.4,6.97,1.5,0.13,0.16,57,0
Milk & Eggs,Butter_clarified,100,100,888,1.4,98,0,0,0.1,296,0,0,0,0,0.02,0,35,8,39,40.3,7,0.8,0.11,1.6,0.01,0.05,58,0
Milk & Eggs,Chicken_egg_whole_white shell,100,87,138,12.7,9,1.5,0,1,585,0,310,1.23,0.09,0.31,0.2,48,176,98,94.7,14,2,1,16.55,0.06,0.03,59,0
Milk & Eggs,Chicken_egg_brown shell_whole,100,87,143,12.2,10.5,0,0,0.8,0,0,0,0.84,0.05,0.11,0,44,182,121,125.7,11,1,0.38,13.83,0,0.01,60,0
Milk & Eggs,Duck_egg_whole,100,87,180,12.6,13,3.1,0,1,565,0,261,4.98,0.17,0.35,0.2,62,226,135,106,13,2.9,1.67,15.68,0.11,0.04,61,0
Milk & Eggs,Quail egg_whole,100,86,160,12.8,11.1,2.1,0,1,515,0,337,3.08,0.11,0.49,0.1,47,180,138,106.6,11,3.2,1.61,25.48,0.09,0.04,62,0
Fish_Shelfish&Mollusc,"""Silver fish""_fresh water_estuarine",100,100,105,17.2,4,0,0,2.6,361,0,0,1.86,0.03,0.05,0.2,46,22,246,8.6,25,0.9,0.16,9.54,0,0.07,63,0
Fish_Shelfish&Mollusc,Hairtail or belt fish_marine,100,76,127,17.7,4.9,3.1,0,1,76,0,29,0.82,0.02,0.06,2.8,28,191,280,150.1,43,1.2,0.7,36.57,0.08,0.17,64,0
Fish_Shelfish&Mollusc,Tougue fish_flatfish_left-eye_marine,100,68,83,17.7,1.4,0,0,1.2,82,0,6,0.64,0.03,0.05,2.1,57,168,309,138.8,27,1.5,0.05,34.63,0.04,0.04,65,0
Fish_Shelfish&Mollusc,Japanese sea bass_marine_estuarine,100,58,105,18.6,3.4,0,0,1.5,86,0,19,0.75,0.03,0.17,3.1,138,242,205,144.1,37,2,2.83,33.06,0.05,0.04,66,0
Fish_Shelfish&Mollusc,"Spanish mackerel_""Kingfish ""_marine",100,80,121,21.1,3.1,2.1,0,1.1,75,0,19,0.71,0.03,0.04,2.1,35,130,370,74.2,50,0.8,1.39,51.81,0.37,0.03,67,0
Fish_Shelfish&Mollusc,Cherry salmon_anadromous,100,72,139,17.2,7.8,0,0,0.9,68,0,45,0.78,0.07,0.18,4.4,13,154,361,63.3,36,0.3,1.11,29.47,0.03,0.02,68,0
Fish_Shelfish&Mollusc,Pacific cod_marine,100,45,88,20.4,0.5,0.5,0,1.2,114,0,14,0,0.04,0.13,2.7,42,232,321,130.3,84,0.5,0.86,24.8,0.01,0.01,69,0
Fish_Shelfish&Mollusc,Lizardfish_marine,100,67,100,16.7,2.3,3,0,1.5,71,0,11,0.07,0.05,0.1,3.7,95,263,194,156.3,51,2.2,1.1,29.48,0.09,0.02,70,0
Fish_Shelfish&Mollusc,Anchovy_marine_dried,100,100,196,37.5,3.1,4.6,0,18.5,379,0,119,0.3,0.01,0.17,2,590,914,664,4375,319,4.3,3.4,41.24,0.35,0.84,71,0
Fish_Shelfish&Mollusc,"""Hairy"" shirmp_dried_marine",100,42.2,153,30.7,2.2,2.5,0,22.2,428,0,19,0.92,0.02,0.14,3.1,991,582,617,5057.7,265,6.7,1.93,74.43,1.08,0.82,72,0
Fish_Shelfish&Mollusc,Shirmp_white_amall to medium_dried_marine,100,100,198,43.7,2.6,0,0,17,525,0,21,1.46,0.01,0.12,5,555,666,550,4891.9,236,11,3.82,75.4,2.33,0.77,73,0
Fish_Shelfish&Mollusc,Scallop_marine,100,100,77,15.7,0.5,2.5,0,1,116,0,0,1.46,0,0.21,2.5,28,166,226,120,31,0.7,2.08,57.35,0,0.33,74,0
Fish_Shelfish&Mollusc,Octopus,100,78,135,18.9,0.4,14,0,1.3,0,0,0,0.16,0.04,0.06,1.4,22,106,157,288.1,42,1.4,5.18,41.86,9,0.4,75,0
Seed_Fat&Oils,Sesame seed_black,100,100,559,19.1,46.1,24,14,5.1,0,0,0,50.4,0.66,0.25,5.9,780,516,358,8.3,290,22.7,6.13,4.7,1.77,17.85,76,0
Seed_Fat&Oils,Beed tallow_rendered,100,100,835,0,92,1.8,0,0,153,0,54,0,0,0,0,9,9,3,9.4,1,3,0.79,0,0.01,0,77,0
Seed_Fat&Oils,Sheep fat_rendered,100,100,824,0,88,8,0,0,110,0,33,1.08,0,0,0,0,18,12,13.2,1,1,0,0,0.06,0,78,0
Seed_Fat&Oils,Rapeseed oil,100,100,899,0,99.9,0,0,0,0,0,0,60.89,0,0,0,9,9,2,7,3,3.7,0.54,0,0.18,0.11,79,0
Seed_Fat&Oils,Soybean oil,100,100,899,0,99.9,0,0,0,0,0,0,93.08,0,0,0,13,7,3,4.9,3,2,1.09,0,0.16,0.43,80,0
Seed_Fat&Oils,Peanut oil,100,100,899,0,99.9,0,0,0.1,0,0,0,42.06,0,0,0,12,15,1,3.5,2,2.9,0.48,0,0.15,0.33,81,0
Seed_Fat&Oils,Sunflower seed oil,100,100,899,0,99.9,0,0,0,0,0,0,54.6,0,0,0,2,4,1,2.8,4,1,0.11,0,0,0.02,82,0
Seed_Fat&Oils,Corn oil,100,100,895,0,99.2,0.5,0,0.1,0,0,0,50.94,0,0,0,1,18,2,1.4,3,1.4,0.26,0,0.23,0.04,83,0
Seed_Fat&Oils,Sesame oil,100,100,898,0,99.9,0,0,0,0,0,0,68.53,0,0,0,9,4,0,1.1,3,2.2,0.17,0,0.05,0.76,84,0
Seed_Fat&Oils,Olive oil,100,100,899,0,99.9,0,0,0,0,0,0,0,0,0,0,0,0,0,0,0,0.4,0,0,0,0,85,0
Condiments,Soy sauce_light,100,100,63,5.6,0.1,10.1,0.2,16.9,0,0,0,0,0.05,0.13,1.7,66,204,337,5757,156,8.6,1.17,1.39,0.06,1.11,86,0
Condiments,Vinegar,100,100,31,2.1,0.3,4.9,0,2.1,0,0,0,0,0.03,0.05,1.4,17,96,351,262.1,13,6,1.25,2.43,0.04,2.97,87,0
Condiments,Yeast_dried,100,100,372,47.6,1.7,45.5,7.9,0.8,0,0,0,0,6.56,3.35,45.2,106,1893,0,0,0,18.2,0,0,0,0,88,0
Cereal&Cereal Products,Wheat flour_standard grade,100,100,349,11.2,1.5,73.6,2.1,1,0,0,0,1.8,0.28,0.08,2,31,188,190,3.1,50,3.5,1.64,5.36,0.42,1.56,89,0
Cereal&Cereal Products,Rice_grained,100,100,347,7.4,0.8,77.9,0.7,0.6,0,0,0,0.46,0.11,0.05,1.9,13,110,103,3.8,34,2.3,1.7,2.23,0.3,1.29,90,0
Cereal&Cereal Products,Long grained_purple,100,100,341,9.4,2.5,72.2,3.9,1.6,0,0,0,0.22,0.33,0.13,7.9,12,356,256,7.1,147,1.6,3.8,3.2,0.15,1.72,91,0
Cereal&Cereal Products,Rice_steamed,100,100,116,2.6,0.3,25.9,0.3,0.3,0,0,0,0,0.02,0.03,1.9,7,62,30,2.5,15,1.3,0.92,0.4,0.06,0.58,92,0
Cereal&Cereal Products,Corn_fresh,100,46,112,4,1.2,22.8,2.9,0.7,0,0,0,0.46,0.16,0.11,1.8,0,117,238,1.1,32,1.1,0.9,1.63,0.09,0.22,93,0
Cereal&Cereal Products,Barley grain,100,100,327,10.2,1.4,73.3,9.9,2,0,0,0,1.23,0.43,0.14,3.9,66,381,49,0,158,6.4,4.36,9.8,0.63,1.23,94,0
Cereal&Cereal Products,Foxtail millet_hulled,100,100,361,9,3.1,75.1,1.6,1.2,0,17,0,3.63,0.33,0.1,1.5,41,229,284,4.3,107,5.1,1.87,4.74,0.54,0.89,95,0
Cereal&Cereal Products,"Adlay_""Job's tears""",100,100,361,12.8,3.3,71.1,2,1.6,0,0,0,2.08,0.22,0.15,2,42,217,238,3.6,88,3.6,1.68,3.07,0.29,1.37,96,0
Cereal&Cereal Products,Oatmeal flake,100,100,368,12.4,7.4,67.3,8.6,1.6,0,0,0,3.07,0.3,0.13,1.2,186,291,214,3.7,177,7,2.59,4.31,0.45,3.36,97,0
Cereal&Cereal Products,Corn grain_white,100,100,353,8,4.5,73.1,6.2,1,0,0,0,6.89,0.34,0.06,3,12,187,276,0.5,111,1.3,1.22,1.58,0.23,0.4,98,0
Tubers_Starches&Products,Potato_white,100,94,77,2,0.2,17.2,0.7,0.8,0,5,0,0.34,0.08,0.04,1.1,8,40,342,2.7,23,0.8,0.37,0.78,0.12,0.14,99,27
Tubers_Starches&Products,Sweet potato_red flesh,100,90,102,1.1,0.2,24.7,1.6,0.6,0,125,0,0.28,0.04,0.04,0.6,23,39,130,28.5,12,0.5,0.15,0.48,0.18,0.11,100,26
Tubers_Starches&Products,Corn starch,100,100,346,1.2,0.1,85,0.1,0.2,0,0,0,0,0.03,0.04,1.1,18,25,8,6.3,6,4,0.09,0.7,0.07,0.05,101,0
Tubers_Starches&Products,Pea starch,100,100,342,0.6,0,85,0.3,0.8,0,0,0,0,0.01,0,0.1,4,10,93,3.4,4,1.7,0.22,0,0.03,0.29,102,0
root vegetables,White radish,100,93.4,23,0.9,0.1,5,1,0.6,0,3,0,0.92,0.02,0.03,0.3,36,26,173,61.8,16,0.5,0.3,0.61,0.04,0.09,103,21
root vegetables,Carrot_red,100,97,46,1.4,0.2,10.2,1.3,0.8,0,688,0,0,0.04,0.04,0.2,32,16,193,25.1,7,0.5,0.14,2.8,0.03,0.07,104,16
root vegetables,Beetroot,100,90,87,1,0.1,23.5,5.9,0.6,0,0,0,1.85,0.05,0.04,0.2,56,18,254,20.8,38,0.9,0.31,0.29,0.15,0.86,105,8
leguminous vegetables_Legume products,Hyacinth bean_green,100,91,41,2.7,0.2,8.2,2.1,0.6,0,25,0,0.24,0.04,0.07,0.9,38,54,178,3.8,34,1.9,0.72,0.94,0.12,0.34,106,13
leguminous vegetables_Legume products,Snow bean_edible pod,100,88,30,2.5,0.3,4.9,1.4,0.4,0,80,0,0.3,0.09,0.04,0.7,51,19,116,8.8,16,0.9,0.5,0.42,0.06,0.48,107,16
leguminous vegetables_Legume products,"""Pale green"" soybean_with seed coat",100,53,131,13.1,5,10.5,4,1.8,0,22,0,2.44,0.15,0.07,1.4,135,188,478,3.9,70,3.5,1.73,2.48,0.54,1.2,108,27
leguminous vegetables_Legume products,Kidney bean_green,100,96,31,2,0.4,5.7,1.5,0.6,0,35,0,1.24,0.04,0.07,0.4,42,51,123,8.6,27,1.5,0.23,0.43,0.11,0.18,109,6
leguminous vegetables_Legume products,Pea_with pod,100,42,111,7.4,0.3,21.2,3,0.9,0,37,0,1.21,0.43,0.09,2.3,21,127,332,1.2,43,1.7,1.29,1.74,0.22,0.65,110,14
leguminous vegetables_Legume products,Pea_shoots_tender greens,100,100,225,3.1,0,53.9,1.3,0.9,0,452,0,0.22,0.07,0.23,0,17,65,160,3.2,24,5.1,0.93,1.94,0.06,0.98,111,11
leguminous vegetables_Legume products,Cowpean,100,97,33,2.9,0.3,5.9,2.3,0.6,0,42,0,4.39,0.07,0.09,1.4,27,63,112,2.2,31,0.5,0.54,0.74,0.14,0.37,112,19
leguminous vegetables_Legume products,Soybean sprouts,100,100,47,4.5,1.6,4.5,1.5,0.6,0,5,0,0.8,0.04,0.07,0.6,21,74,160,7.2,21,0.9,0.54,0.96,0.14,0.34,113,8
leguminous vegetables_Legume products,Pea greens,100,86,38,4,0.8,4.6,1.9,1,0,445,0,2.46,0.05,0.11,1.1,40,67,222,18.5,21,4.2,0.77,1.09,0.2,0.76,114,67
leguminous vegetables_Legume products,Soybean curd sheet_semisoft,100,100,262,24.5,16,5.5,1,2,0,5,0,26.78,0.04,0.05,0.2,49,490,837,83,162,10.8,3.2,6.14,0.78,2.9,115,0
solanaceous_melon&fruit vegetables,Eggplant_long_dark purple skin,100,96,23,1,0.1,5.4,1.9,0.4,0,30,0,0.2,0.03,0.03,0.6,55,28,136,6.4,15,0.4,0.16,0.57,0.07,0.14,116,7
solanaceous_melon&fruit vegetables,Tomato_round,100,97,20,0.9,0.2,4,0.5,0.5,0,92,0,0.57,0.03,0.03,0.6,10,23,163,5,9,0.4,0.13,0.15,0.06,0.08,117,19
solanaceous_melon&fruit vegetables,Sweet peppet_pale green,100,82,25,1,0.2,5.4,1.4,0.4,0,57,0,0.59,0.03,0.03,0.9,14,20,142,3.3,12,0.8,0.19,0.38,0.09,0.12,118,72
solanaceous_melon&fruit vegetables,Hispid bottle gourd,100,85,29,0.7,0.1,6.8,0.9,0.2,0,163,0,1.14,0.01,0.06,0.7,49,27,73,1.2,10,0,0.56,4.4,0.87,0,119,29
solanaceous_melon&fruit vegetables,Okra,100,88,45,2,0.1,11,3.9,0.7,0,52,0,1.03,0.05,0.09,1,45,65,95,3.9,29,0.1,0.23,0.51,0.07,0.28,120,4
solanaceous_melon&fruit vegetables,Chinese wax gourd or winter melon,100,80,12,0.4,0.2,2.6,0.7,0.2,0,13,0,0.08,0.01,0.01,0.3,19,12,78,1.8,8,0.2,0.07,0.22,0.07,0.03,121,18
solanaceous_melon&fruit vegetables,Chayote,100,100,19,1.2,0.1,3.8,1.2,0.6,0,3,0,0,0.01,0.1,0.1,17,18,76,1,10,0.1,0.08,1.45,0.02,0.03,122,8
solanaceous_melon&fruit vegetables,Calabash,100,87,16,0.7,0.1,3.5,0.8,0.4,0,7,0,0,0.02,0.01,0.4,16,15,87,0.6,7,0.4,0.14,0.49,0.08,0,123,11
solanaceous_melon&fruit vegetables,Cucumber,100,92,16,0.8,0.2,2.9,0.5,0.3,0,15,0,0.49,0.02,0.03,0.2,24,24,102,4.9,15,0.5,0.18,0.38,0.05,0.06,124,9
solanaceous_melon&fruit vegetables,Pumpkin,100,85,23,0.7,0.1,5.3,0.8,0.4,0,148,0,0.36,0.03,0.04,0.4,16,24,145,0.8,8,0.4,0.14,0.46,0.03,0.08,125,8
solanaceous_melon&fruit vegetables,Sponge gourd_loofah,100,83,21,1,0.2,4.2,0.6,0.3,0,15,0,0.22,0.02,0.04,0.4,14,29,115,2.6,11,0.4,0.21,0.86,0.06,0.06,126,5
solanaceous_melon&fruit vegetables,Zucchini_green,100,73,19,0.8,0.2,3.8,0.6,0.3,0,5,0,0.34,0.01,0.03,0.2,15,17,92,5,9,0.3,0.12,0.28,0.03,0.04,127,6
leafy_flower vegetables,Cabbage flowering stalk ,100,84,28,2.8,0.5,4,1.7,1.4,0,160,0,0.52,0.05,0.08,1.2,96,54,236,26,19,2.8,0.87,6.68,0.18,0.41,128,44
leafy_flower vegetables,Rape flowering stalk_red,100,52,43,2.9,2.5,2.7,0.9,0.8,0,13,0,0.51,0.05,0.04,0.9,26,60,221,1.5,15,2.5,0.9,8.43,0.12,0,129,57
leafy_flower vegetables,Broadbeaked cabbage,100,89,28,2.6,0.4,4.2,1.4,1,0,168,0,1.16,0.06,0.11,1.1,186,53,154,115.5,24,3,0.7,0.5,0.13,0.36,130,45
leafy_flower vegetables,Rape,100,87,25,1.8,0.5,3.8,1.1,1,0,103,0,0.88,0.04,0.11,0.7,108,39,210,55.8,22,1.2,0.33,0.79,0.06,0.23,131,36
leafy_flower vegetables,Cabbage,100,86,24,1.5,0.2,4.6,1,0.5,0,12,0,0.5,0.03,0.03,0.4,49,26,124,27.2,12,0.6,0.25,0.96,0.04,0.18,132,40
leafy_flower vegetables,Cauliflower,100,82,26,2.1,0.2,4.6,1.2,0.7,0,5,0,0.43,0.03,0.08,0.6,23,47,200,31.6,18,1.1,0.38,0.73,0.05,0.17,133,61
leafy_flower vegetables,Broccoli,100,83,36,4.1,0.6,4.3,1.6,0.7,0,1202,0,0.91,0.09,0.13,0.9,67,72,17,18.8,17,1,0.78,0.7,0.03,0.24,134,51
leafy_flower vegetables,Kohlrabi leaf,100,78,22,2.8,0.4,2.6,1.6,1,0,575,0,0.96,0.02,0.09,1,128,50,104,50.5,18,2,1.3,0.88,0.11,0.53,135,76
leafy_flower vegetables,Spinach,100,89,28,2.6,0.3,4.5,1.7,1.4,0,487,0,1.74,0.04,0.11,0.6,66,47,311,85.2,58,2.9,0.85,0.97,0.1,0.66,136,32
leafy_flower vegetables,Celery stem_white,100,66,17,0.8,0.1,3.9,1.4,1,0,10,0,2.21,0.01,0.08,0.4,48,50,154,73.8,10,0.8,0.46,0.47,0.09,0.17,137,12
leafy_flower vegetables,Celery stem,100,67,22,1.2,0.2,4.5,1.2,1,0,57,0,1.32,0.02,0.06,0.4,80,38,206,159,18,1.2,0.24,0.57,0.09,0.16,138,8
leafy_flower vegetables,Celery leaf,100,100,35,2.6,0.6,5.9,2.2,1.5,0,488,0,2.5,0.08,0.15,0.9,40,64,137,83,58,0.6,1.14,2,0.99,0.54,139,22
leafy_flower vegetables,Romaine lettuce,100,81,16,1.4,0.4,2.1,0.6,0.4,0,60,0,0,0,0.1,0.2,70,31,100,80,29,1.2,0.43,1.55,0.08,0.15,140,20
leafy_flower vegetables,"""Curl-leafed"" endive lettuce",100,94,15,1.3,0.3,2,0.7,0.6,0,298,0,1.02,0.03,0.06,0.4,34,27,170,32.8,18,0.9,0.27,1.15,0.03,0.13,141,13
leafy_flower vegetables,Amaranth_pale green,100,74,30,2.8,0.3,5,2.2,1.7,0,352,0,0.36,0.03,0.12,0.8,187,59,207,32.4,119,5.4,0.8,0.52,0.13,0.78,142,47
leafy_flower vegetables,Amaranth_purple,100,73,35,2.8,0.4,5.9,1.8,2.1,0,248,0,1.54,0.03,0.1,0.6,178,63,340,42.3,38,2.9,0.7,0.09,0.07,0.35,143,30
leafy_flower vegetables,Chrysanthemum crowndairy_greens,100,82,24,1.9,0.3,3.9,1.2,0.9,0,252,0,0.92,0.04,0.09,0.6,73,36,220,161.3,20,2.5,0.35,0.6,0.06,0.28,144,18
leafy_flower vegetables,Lettuce stem,100,62,15,1,0.1,2.8,0.6,0.6,0,25,0,0.19,0.02,0.02,0.5,23,48,212,36.5,19,0.9,0.33,0.54,0.07,0.19,145,4
leafy_flower vegetables,Lettuce leaf,100,89,20,1.4,0.2,3.6,1,0.6,0,147,0,0.58,0.06,0.1,0.4,34,26,148,39.1,19,1.5,0.51,0.78,0.09,0.26,146,13
leafy_flower vegetables,Warer spinach,100,76,23,2.2,0.3,3.6,1.4,1,0,253,0,1.09,0.03,0.08,0.8,99,38,243,94.3,29,2.3,0.39,1.2,0.1,0.67,147,25
leafy_flower vegetables,Bamboo shoot_whole,100,63,23,2.6,0.2,3.6,1.8,0.8,0,0,0,0.05,0.08,0.08,0.6,9,64,389,0.4,1,0.5,0.33,0.04,0.09,1.14,148,5
leafy_flower vegetables,Spring bamboo whoot,100,66,25,2.4,0.1,5.1,2.8,1,0,5,0,0,0.05,0.04,0.4,8,36,300,6,8,2.4,0.43,0.66,0.15,0.78,149,5
leafy_flower vegetables,Winter bamboo shoot,100,39,42,4.1,0.1,6.5,0.8,1.2,0,13,0,0,0.08,0.08,0.6,22,56,0,0,0,0.1,0,0,0,0,150,1
leafy_flower vegetables,Asparagus,100,90,22,1.4,0.1,4.9,1.9,0.6,0,17,0,0,0.04,0.05,0.7,10,42,213,3.1,10,1.4,0.41,0.21,0.07,0.17,151,45
aquatic_tuber vegetable,Water caltrop,100,57,101,4.5,0.1,21.4,1.7,1,0,2,0,0,0.19,0.06,1.5,7,93,437,5.8,49,0.6,0.62,0,0.18,0.38,152,13
aquatic_tuber vegetable,Lotus root,100,88,73,1.9,0.2,16.4,1.2,1,0,3,0,0.73,0.09,0.03,0.3,39,58,243,44.2,19,1.4,0.23,0.39,0.11,1.3,153,44
aquatic_tuber vegetable,Water bamboo,100,74,26,1.2,0.2,5.9,1.9,0.5,0,5,0,0.99,0.02,0.03,0.5,4,36,209,5.8,8,0.4,0.33,0.45,0.06,0.49,154,5
aquatic_tuber vegetable,Water chestnut,100,78,61,1.2,0.2,14.2,1.1,0.8,0,3,0,0.65,0.02,0.02,0.7,4,44,306,15.7,12,0.6,0.34,0.7,0.07,0.11,155,7
aquatic_tuber vegetable,Yam,100,83,57,1.9,0.2,12.4,0.8,0.7,0,0,0,0.24,0.05,0.02,0.3,16,34,213,18.6,20,0.3,0.27,0.55,0.24,0.12,156,5
aquatic_tuber vegetable,Taro,100,84,81,2.2,0.2,18.1,1,0.9,0,27,0,0.45,0.06,0.05,0.7,36,55,378,33.1,23,1,0.49,1.45,0.37,0.3,157,6
 Fungi&Algae,"""Gold needle"" mushroom_thin",100,100,32,2.4,0.4,6,2.7,1,0,5,0,1.14,0.15,0.19,4.1,0,97,195,4.3,17,1.4,0.39,0.28,0.14,0.1,158,2
 Fungi&Algae,Wood ear fungus_dried,100,100,265,12.1,1.5,65.6,29.9,5.3,0,17,0,11.34,0.17,0.44,2.5,247,292,757,48.5,152,97.4,3.18,3.72,0.32,8.86,159,0
 Fungi&Algae,Shitake mushroom,100,100,26,2.2,0.3,5.2,3.3,0.6,0,0,0,0,0,0.08,2,2,53,20,1.4,11,0.3,0.66,2.58,0.12,0.25,160,1
 Fungi&Algae,Silver ear fungus_white dried,100,96,261,10,1.4,67.3,30.4,6.7,0,8,0,1.26,0.05,0.25,5.3,36,369,1588,82.1,54,4.1,3.03,2.95,0.08,0.17,161,0
 Fungi&Algae,Kelp,100,100,13,1.2,0.1,2.1,0.5,2.2,0,0,0,1.85,0.02,0.15,1.3,46,22,246,8.6,25,0.9,0.16,9.54,0,0.07,162,0
 Fungi&Algae,Kelp_dried,100,98,90,1.8,0.1,23.4,6.1,4.2,0,40,0,0.85,0.01,0.1,0.8,348,52,761,327.4,129,4.7,0.65,5.84,0.14,1.14,163,0
 Fungi&Algae,Laver_dried,100,100,250,26.7,1.1,44.1,21.6,15.4,0,228,0,1.82,0.27,1.02,7.3,264,350,1796,710.5,105,54.9,2.47,7.22,1.68,4.32,164,2
